{"totalCount":935400,"jobs":[{"title":"Field Service - Automation","location":"United States","snippet":" Great opportunity to make a lot of overtime! This is a 100% travel position, in the US and Canada. You will be working for a successful automated machine builder and live almost anywhere in the US (other than California)!\r\n Travel to customer sites in the US and Canada...","salary":"","source":"gablessearch.com","type":"","link":"https://jooble.org/desc/3745527776670602743","company":"Gables Search Group","updated":"2022-10-05T22:24:54.8600000","id":3745527776670602743},{"title":"Automation Leader - Life Sciences","location":"United States","snippet":" Our client is a large employee-owned (ESOP) engineering firm with over 15 office locations and a Controls and Automation division. They need a Controls and Automation Industry Leader in the Life Sciences industry. This is a leadership role with direct supervisor responsibilities...","salary":"","source":"gablessearch.com","type":"","link":"https://jooble.org/desc/-7441360145916530834","company":"Gables Search Group","updated":"2022-10-07T19:25:59.3130514+00:00","id":-7441360145916530834},{"title":"Consultant","location":"United States","snippet":"Cloud Infrastructure Engineer \r\n Do you want to be at the forefront of Deloitte's emerging cloud practice? We're looking for exceptional problem-solvers to help address our clients' most compelling Cloud needs. You will work along-side top engineers and technical thought...","salary":"","source":"powertofly.com","type":"","link":"https://jooble.org/desc/-4327650790995880008","company":"Deloitte LLP","updated":"2022-10-19T00:00:00.0000000","id":-4327650790995880008},{"title":"Automation Engineer - DeltaV","location":"United States","snippet":" A Growing and successful control systems integration and services company needs automation and controls engineers with Emerson DeltaV DCS experience in Baton Rouge, LA or working remotely. This involves analyzing requirements for installation, commissioning and inspecting...","salary":"","source":"gablessearch.com","type":"","link":"https://jooble.org/desc/4862599552884645814","company":"Gables Search Group","updated":"2022-09-22T07:37:28.3206055+00:00","id":4862599552884645814},{"title":"UI Developer","location":"United States","snippet":"Are you an experienced, passionate pioneer in technology? An industry solutions professional who wants to work in a collaborative environment. As an experienced UI Developer, you will have the ability to share new ideas and collaborate on projects as a consultant without...","salary":"","source":"powertofly.com","type":"","link":"https://jooble.org/desc/-7050115810196736776","company":"Deloitte LLP","updated":"2022-10-19T07:41:42.9781167+00:00","id":-7050115810196736776},{"title":"Vulnerability Engineer","location":"United States","snippet":"Are you looking to elevate your cyber career? Your technical skills? Your opportunity for growth? Deloitte's Government and Public Services Cyber Practice (GPS Cyber Practice) is the place for you! Our GPS Cyber Practice helps organizations create a cyber minded culture...","salary":"","source":"powertofly.com","type":"","link":"https://jooble.org/desc/7056941317845888469","company":"Deloitte LLP","updated":"2022-10-19T00:00:00.0000000","id":7056941317845888469},{"title":"Security Specialist","location":"United States","snippet":"The position will support Deloitte's Government & Public Services (GPS) security program with a primary responsibility to perform personnel security processes in Controlled Unclassified (CUI) and Public Trust operations in compliance with the Executive Order 13556/National...","salary":"","source":"powertofly.com","type":"","link":"https://jooble.org/desc/1489233409600573369","company":"Deloitte LLP","updated":"2022-10-19T00:00:00.0000000","id":1489233409600573369},{"title":"UI Developer","location":"United States","snippet":"Are you an experienced, passionate pioneer in technology? An industry solutions professional who wants to work in a collaborative environment. As an experienced UI Developer, you will have the ability to share new ideas and collaborate on projects as a consultant without...","salary":"","source":"powertofly.com","type":"","link":"https://jooble.org/desc/-2312267917052898565","company":"Deloitte LLP","updated":"2022-10-19T00:00:00.0000000","id":-2312267917052898565},{"title":"ERM Consultant","location":"United States","snippet":"At Deloitte, our Cyber Specialists in Strategy & Brand helps organizations to identify, monitor, and provide insights on trends and disruptors that could impact competitive advantage, market position, and long-term performance, as well as enhance and protect brand and reputation...","salary":"","source":"powertofly.com","type":"","link":"https://jooble.org/desc/5713447445588509772","company":"Deloitte LLP","updated":"2022-10-19T00:00:00.0000000","id":5713447445588509772},{"title":"Data Engineer","location":"United States","snippet":"In this age of disruption, organizations need to navigate the future with confidence by tapping into the power of data analytics, robotics, and cognitive technologies such as Artificial Intelligence (AI). Our Strategy & Analytics portfolio helps clients leverage rigorous...","salary":"","source":"powertofly.com","type":"","link":"https://jooble.org/desc/6059692849706047257","company":"Deloitte LLP","updated":"2022-10-19T00:00:00.0000000","id":6059692849706047257},{"title":"Sales and Marketing Manager - Industrial Products","location":"United States","snippet":" A global producer of innovative extruded aluminum profile solutions and linear motion systems is looking for a Sales and Marketing professional with industrial OEM experience. This role will be responsible for his/her work and the management of regional sales managers,...","salary":"","source":"gablessearch.com","type":"","link":"https://jooble.org/desc/1173647338332797389","company":"Gables Search Group","updated":"2022-10-07T19:25:59.4334806+00:00","id":1173647338332797389},{"title":"Founder-in-Residence","location":"United States","snippet":" Who We Are: AI is the new electricity. Just as it transformed entire industries 100 years ago, AI is poised to do the same today. AI Fund is a venture studio that was formed to be at the forefront of this revolutionary wave. We harness artificial intelligence to create...","salary":"","source":"builtin.com","type":"","link":"https://jooble.org/desc/3705484642962242051","company":"AI Fund","updated":"2022-10-19T00:00:00.0000000","id":3705484642962242051},{"title":"Engineering Manager","location":"United States","snippet":" BetterCloud is the market leader for SaaS Operations, enabling IT professionals to transform their employee experience, maximize operational efficiency, and centralize data protection. With no-code automation enabling zero touch workflows, thousands of forward-thinking...","salary":"","source":"builtin.com","type":"","link":"https://jooble.org/desc/6976509377945517008","company":"BetterCloud","updated":"2022-10-18T00:00:00.0000000","id":6976509377945517008},{"title":"Finance Associate","location":"United States","snippet":" Finance Associate Payroll \r\n Summary \r\n Point72 is seeking extraordinarily bright, articulate, strategic and analytical thinkers to join the Payroll Finance team. If you’re eager for an opportunity to lead in a fast-paced and complex operational finance environment, this...","salary":"","source":"builtin.com","type":"","link":"https://jooble.org/desc/-3774242202192383312","company":"Point72","updated":"2022-10-18T19:38:51.1770000","id":-3774242202192383312},{"title":"UX Designer","location":"United States","snippet":" About the Point72 Compliance Product Development team: As Point72 reimagines the future of regulatory technology, our Compliance Product Development team is responsible for delivering best-in-class compliance and surveillance tools in support of our Firm’s holistic surveillance...","salary":"","source":"builtin.com","type":"","link":"https://jooble.org/desc/5160919702813002011","company":"Point72","updated":"2022-10-18T19:39:01.5200000","id":5160919702813002011},{"title":"Engagement Specialist","location":"United States","snippet":"** Work from where you are - considering candidates in San Mateo, Santa Barbara, or US-based remote** About Evidation \r\n Evidation creates new ways to measure and improve health in everyday life. Built upon a foundation of user privacy and control over permissioned health...","salary":"","source":"builtin.com","type":"","link":"https://jooble.org/desc/-6375034364229160932","company":"Evidation Health","updated":"2022-10-18T19:39:03.0830000","id":-6375034364229160932},{"title":"Sr. PLC Automation Engineer","location":"United States","snippet":" A Growing and successful control systems integration and services company needs automation and controls engineers with PLC systems programming experience in Baton Rouge, LA or working remotely. This position requires the installation and maintenance of PLC systems and ...","salary":"","source":"gablessearch.com","type":"","link":"https://jooble.org/desc/-2765241769002655849","company":"Gables Search Group","updated":"2022-09-22T07:37:28.3507622+00:00","id":-2765241769002655849},{"title":"Manager - Appian Developer","location":"United States","snippet":"Are you looking to make an immediate impact where you can help our clients solve their business challenges? Deloitte's Core Business Operations (CBO) portfolio operates at the center of our client's business. By joining our team, you could help C-suite and program leaders...","salary":"","source":"powertofly.com","type":"","link":"https://jooble.org/desc/4048626418874063194","company":"Deloitte LLP","updated":"2022-10-19T00:00:00.0000000","id":4048626418874063194},{"title":"Epic Interface Analyst","location":"United States","snippet":"Are you an experienced, passionate pioneer in technology? An industry solutions professional who wants to work in a collaborative environment. As an experienced Epic Interface Analyst, you will have the ability to share new ideas and collaborate on projects as a consultant...","salary":"","source":"powertofly.com","type":"","link":"https://jooble.org/desc/735392160630653041","company":"Deloitte LLP","updated":"2022-10-19T00:00:00.0000000","id":735392160630653041},{"title":"Product Owner Manager","location":"United States","snippet":"Are you passionate about technology and interested in joining a community of collaborative colleagues who respectfully and courageously seek to challenge the status quo? If so, read on to learn more about an exciting opportunity with Deloitte's Information Technology Services...","salary":"","source":"powertofly.com","type":"","link":"https://jooble.org/desc/-7278835613708335965","company":"Deloitte LLP","updated":"2022-10-19T00:00:00.0000000","id":-7278835613708335965}]}